{
"name": "GM开源",
//引用地图的名称
"localizedName": "GM开源",
//游戏内显示的名称

	//"details":"",
	//小字介绍	
	"description": "我们在开飞船的时候撞到了某个东西而被迫降在这片个星球上然后接下来发生的事情每一种都难忘记......
	
	这块看似威胁不大实则敌人很强大，要小心敌人！",
	//介绍
    "planet":"主岛"//母星名字 
    "sector":15//区块坐标
    "alwaysUnlocked": false,  
    //始终解锁
    "difficulty":5//难度  
    "captureWave":60//胜利波次  
    "research":"planetaryTerminal"
}
