{"localizedName": "GM河沙地",
"name": "GM河沙地",
	"description": "一个蕴藏着大量水和矿产的地区，但周围的势力们并不安定。
	
夺下它并利用丰富的矿产发展后勤，继续前进！",
    "planet":"主岛"//母星名字。
    "sector":10//区块坐标
    "captureWave":70//胜利波次
    "difficulty":5//难度
    "alwaysUnlocked": false,
    "research": {
		"parent": "GM开源",
		"objectives": [
		{"type": "SectorComplete",//占领地图
		"preset": "GM开源"},
		]
	 }
}