{"localizedName": "冰冻森林",
"name": "冰冻森林",
	"description": "一个靠近山脉的地方。 哪怕是在这里，也有了孢子扩散的痕迹。
连极寒也无法长久地约束它们。

开始运用电力，建造火力发电机并学会使用修理器。",
    "planet":"serpulo"//母星名字。
    "sector":86//区块坐标
    "captureWave":30//胜利波次
    "difficulty":3//难度
    "alwaysUnlocked": false,
    "research": {
		"parent": "零号地区",
		"objectives": [
		{"type": "SectorComplete",//占领地图
		"preset": "零号地区"},
		]
	 }
}