{"localizedName": "核裂阵",
"name": "核裂阵",
	"description": "曾用来生产加工钍的设施，如今已变成了废墟。
这里有大量的敌人，不断搜寻着入侵者。

[lightgray]研究钍以及它的各种用途。",
	//"details":"",
    "planet":"serpulo"//母星名字。
    "sector":130//区块坐标
    "captureWave":230//胜利波次
    "difficulty":8//难度
    "alwaysUnlocked": false,
    "research": {
		"parent": "真菌通道",
		"objectives": [
//		"",//研究xx
		{"type": "SectorComplete",//占领地图
		"preset": "真菌通道"},
		]
	 }
}