{
"name": "焦油田",
	"description": "产油区边缘，位于山脉和沙漠之间。 它是为数不多蕴藏了石油的地区之一。
尽管这里一片废墟，附近仍有一些危险的敌方单位。 不要低估他们。

[lightgray]尽你所能研究石油加工技术。",
	//"details":"",
    "planet":"serpulo"//母星名字。
    "sector":23//区块坐标
    "captureWave":130//胜利波次
    "difficulty":6//难度1一5
    "research": {
		"parent": "风吹群岛",
			"objectives": [
            {
				"type": "SectorComplete",
				"preset": "风吹群岛"
			}
			]
			}
}