{"localizedName": "真菌通道",
"name": "真菌通道",
	"description": "一边是高山，另一边是孢子丛生的平原。
这里有一个敌方的小型侦察基地，摧毁它。

使用尖刀和爬虫单位，摧毁两个核心。",
	//"details":"",
    "planet":"serpulo"//母星名字。
    "sector":21//区块坐标
    "captureWave":40//胜利波次
    "difficulty":4//难度
    "alwaysUnlocked": false,
    "research": {
		"parent": "生物质合成区",
		"objectives": [
//		"",//研究xx
		{"type": "SectorComplete",//占领地图
		"preset": "生物质合成区"},
		]
	 }
}