{"localizedName": "绵延群山",
"name": "绵延群山",
	"description": "深入内陆地区便是山脉，这里目前还未被孢子污染。
敌人势力更加强大，别给他们的精锐部队留下喘息之机。

这一地区分布着丰富的钛，试着开采并利用它。",
	//"details":"",
    "planet":"serpulo"//母星名字。
    "sector":20//区块坐标
    "captureWave":80//胜利波次
    "difficulty":5//难度
    "alwaysUnlocked": false,
    "research": {
		"parent": "生物质合成区",
		"objectives": [
//		"",//研究xx
		{"type": "SectorComplete",//占领地图
		"preset": "生物质合成区"},
		]
	 }
}