{"localizedName": "遗迹海岸",
"name": "遗迹海岸",
	"description": "穿过荒地就是海滩。
这里曾经有一条海岸防线，但现在已所剩无几。
一些基础的防御建筑还完好无损，除此之外都变成了废墟。

继续向外扩张并研究科技。",
	//"details":"",
    "planet":"serpulo"//母星名字。
    "sector":213//区块坐标
    "captureWave":60//胜利波次
    "difficulty":4//难度
    "alwaysUnlocked": false,
    "research": {
		"parent": "陨石带",
		"objectives": [
//		"",//研究xx
		{"type": "SectorComplete",//占领地图
		"preset": "陨石带"},
		]
	 }
}