{"localizedName": "陨石带",
"name": "陨石带",
	"description": "这片陨石地带有积水，它也是旧时战争的遗迹。

夺下该区块，收集沙子冶炼玻璃。
用水泵抽水加速炮塔和钻头。",
	//"details":"",
    "planet":"serpulo"//母星名字。
    "sector":18//区块坐标
    "captureWave":40//胜利波次
    "difficulty":4//难度
    "alwaysUnlocked": false,
    "research": {
		"parent": "冰冻森林",
		"objectives": [
//		"",//研究xx
		{"type": "SectorComplete",//占领地图
		"preset": "冰冻森林"},
		]
	 }
}