{
	"health": 1300,
	"armor": 18,
	"speed": 0.82,
	"details": "正 反 手 教 学",
	"targetAir": true,
	"weapons": [
		{
			"name": "堡垒1",
			"reload": 48,
			"x": 9.5,
			"y": 1,
			"rotate": false,
			"inaccuracy": 0,
			"shake": 2,
			"recoil": 4,
			"shootY": 7,
			"top": false,
			"alternate": true,
			"ejectEffect": "casing3",
			"shootSound": "artillery",
			"bullet": {
				"type": "ArtilleryBulletType",
				"recoil": 0.45,
				"homingRange": 40,
				"homingPower": 0.1,
				"homingDelay": 27,
				"collides": true,//属于单位
				"collidesTiles": false,//属于陆军单位
				"collidesAir": false,//属于空中单位
				"status": "blasted",
				"damage": 200,//伤害
				"speed": 7,//子弹速度
				"lifetime": 35,//攻击范围
				"knockback": 19,
				"hitSound": "explosion",
				"hitEffect": "flakExplosionBig",
				"despawnEffect": "blastExplosion",
				"shootEffect": "shootBig2",
				"smokeEffect": "shootBigSmoke",
				"splashDamage": 200,//范围伤害
				"splashDamageRadius": 200,
				"width": 12,
				"height": 16
			}
		}
	]
}