{
	"details": "战锤全面提升，特别是攻击范围",
	"health": 1100,
	"speed": 0.79,
	"range": 10,
	"weapons": [
		{
			"name": "战锤",
			"reload": 12.2,
			"shootY": 2,
			"rotate": false,
			"inaccuracy": 0,
			"alternate": true,
			"top": false,
			"shootSound": "flame",
			"ejectEffect": "none",
			"shoot": {
				"shots": 2
			},
			"cooldownTime": 120,
			"bullet": {
				"type": "BulletType",
				"lifetime": 6,
				"speed": 35,
				"knockback": 0.42,
				"damage": 28,
				"ammoMultiplier": 3,
				"incendAmount": 1,
				"incendSpread": 8,
				"incendChance": 0.2,
				"hittable": false,
				"absorbable": false,
				"pierce": true,
				"makeFire": true,
				"pierceBuilding": true,
				"pierceCap": 6,
				"shootEffect": "shootPyraFlame",
				"smokeEffect": {
					"type": "ParticleEffect",
					"particles": 5,
					"line": true,
					"strokeFrom": 1.2,
					"strokeTo": 0,
					"lenFrom": 16,
					"lenTo": 8,
					"length": 76,
					"baseLength": 0,
					"lifetime": 12,
					"colorFrom": "FFFFFF",
					"colorTo": "FFE176FF",
					"cone": 10
				},
				"hitEffect": {
					"type": "ParticleEffect",
					"particles": 4,
					"lifetime": 10,
					"sizeFrom": 3,
					"sizeTo": 0,
					"colorFrom": "FF8C00",
					"colorTo": "FF8C00"
				},
				"despawnEffect": "none",
				"statusDuration": 120,
				"status": "burning"
			}
		}
	]
}