{
  "type":"ItemTurret",//种类
  "name":"雀枣",//名称
  "description":"使用人员杀伤弹击中敌人，击中后有爆炸性，可装下较多液体容量",//描述
  "health":980,//生命
  "liquidCapacity":36,//液体容量
  "size":2,//大小
  "hasLiquids":false,//是否需要液体
  "consumes":{
    "liquid":{
      "liquid":"water",//液体水
      "amount":0.1,//数量1=60s
      "booster":true,//是否当做加速液体
    },//消耗的液体
  }
  "requirements":[
  {"item":"silicon","amount":280}
  {"item":"lead","amount":160}
  {"item":"copper","amount":380}
  ],//建造消耗的材料
  "category":"turret",//游戏界面分类
  "research":"duo",//科技树前一项
  "rebuildable":true,//是否能重建
  "baseExplosiveness":0,//基础爆炸性
  "canOverdrive":true,//超频是否应用
  "targetable":true,//是否受到单位攻击
  "breakSound":"fire",//方块破坏音效
  "solid":true,//是否是固体
  "buildCostMultiplier":1.5,//建造时间倍率
  "heatColor":"FF0000",//过热颜色++++
  "shootEffect":"none",//射击特效
  "smokeEffect":"none",//冒烟特效
  "ammoUseEffect":"none",//换弹特效
  "shootSound":"shoot",//射击音效
  "ammoPerShot":2,//射击一次消耗子弹
  "range":160,//范围1=8
  "reload":45,//装弹时间
  "inaccuracy":1,//精准度
  "shots":2,//一次射出子弹数
  "spread":3,//散弹散布
  "recoil":3,//后坐力
  "restitution":35,//复原速度
  "cooldown":0,//冷却延迟
  "rotatespeed":0.86,//转速
  "shootCone":1,//瞄准射击最大误差
  "shootShake":0,//射击摇晃屏幕
  "xRand":0,//射击偏移
  "targetAir":true,//空
  "targetGround":true,//陆
  "outlineIcon":false,//图标描边
  "outlineColor":"FFFFFF",//描边颜色++++
  "coolantMultiplier":2,//液体加速百分比
  "coolEffect":"none",//液体加速特效
  "maxAmmo":20,//弹夹容量
  "ammoTypes":{
    "VOG":{
      "type":"ArtilleryBulletType",//种类
      "backColor":"CCD25CFF",//后贴图颜色
      "frontColor":"C1C83DFF",//前贴图颜色
      "width":230,//子弹宽
      "height":230,//子弹长
      "lifetime":24,//子弹消失延迟
      "speed":5,//子弹速度
      "damage":45,//子弹伤害
      "hitSize":5,//子弹碰撞箱大小
      "pierce":false,//是否穿透单位
      "hitEffect":"none",//击中特效
      "despawnEffect":"none",//子弹消失特效
      "shootEffect":"none",//射击特效
      "smokeEffect":"none",//冒烟特效
      "hitSound":"none",//子弹击中音效
      "ammoMultiplier":2,//一个物品打几发
      "reloadMultiplier":4,//装弹速度倍率
      "instantDisappear":false,//子弹瞬间消失
      "hitTiles":false,//是否打方块
      "collidesTiles":false,//是否碰撞方块
      "collidesTeam":true,//是否碰撞友方
      "collidesAir":true,//是否碰撞空中单位
      "collides":true,//是否碰撞
      "fragBullets":4,//分裂弹数
      "fragVelocityMin":1,//分裂弹最小速度倍率
      "fragVelocityMax":4,//分裂弹最大速度倍率
      "fragBullet":{//父子弹
		"type":"BasicBulletType", 
		"despawnEffect":"none",
		"width":4,
		"damage":7,
		"height":4,
        "lifetime":30,
        "speed":1.5
            }
    },
    "AP":{
      "type":"ArtilleryBulletType",//种类
      "backColor":"CCD25CFF",//后贴图颜色
      "frontColor":"C1C83DFF",//前贴图颜色
      "width":8,//子弹宽
      "height":7,//子弹长
      "lifetime":24,//子弹消失延迟
      "speed":4,//子弹速度
      "damage":60,//子弹伤害
      "hitSize":6,//子弹碰撞箱大小
      "pierce":false,//是否穿透单位
      "hitEffect":"none",//击中特效
      "despawnEffect":"none",//子弹消失特效
      "shootEffect":"none",//射击特效
      "smokeEffect":"none",//冒烟特效
      "hitSound":"none",//子弹击中音效
      "ammoMultiplier":2,//一个物品打几发
      "reloadMultiplier":4,//装弹速度倍率
      "instantDisappear":false,//子弹瞬间消失
      "hitTiles":false,//是否打方块
      "collidesTiles":false,//是否碰撞方块
      "collidesTeam":true,//是否碰撞友方
      "collidesAir":true,//是否碰撞空中单位
      "collides":true,//是否碰撞
      "fragBullets":4,//分裂弹数
      "fragVelocityMin":1,//分裂弹最小速度倍率
      "fragVelocityMax":4,//分裂弹最大速度倍率
      "fragBullet":{
		"type":"BasicBulletType", 
		"despawnEffect":"none",
		"width":4,
		"damage":20,
		"height":4,
		"lifetime":30,
        "speed":1.5
            }
    },
    "surge-alloy":{
      "type":"ArtilleryBulletType",//种类
      "backColor":"CCD25CFF",//后贴图颜色
      "frontColor":"C1C83DFF",//前贴图颜色
      "width":9,//子弹宽
      "height":9,//子弹长
      "lifetime":28,//子弹消失延迟
      "speed":9,//子弹速度
      "damage":15,//子弹伤害
      "splashDamage":70,//范围伤害
      "hitSize":5,//子弹碰撞箱大小
      "pierce":false,//是否穿透单位
      "hitEffect":"none",//击中特效
      "despawnEffect":"none",//子弹消失特效
      "shootEffect":"none",//射击特效
      "smokeEffect":"none",//冒烟特效
      "hitSound":"none",//子弹击中音效
      "ammoMultiplier":2,//一个物品打几发
      "reloadMultiplier":4,//装弹速度倍率
      "instantDisappear":false,//子弹瞬间消失
      "hitTiles":false,//是否打方块
      "collidesTiles":false,//是否碰撞方块
      "collidesTeam":true,//是否碰撞友方
      "collidesAir":true,//是否碰撞空中单位
      "collides":true,//是否碰撞
      "fragBullets":3,//分裂弹数
      "fragVelocityMin":1,//分裂弹最小速度倍率
      "fragVelocityMax":4,//分裂弹最大速度倍率
      "lightning":4,//闪电数量
		"lightningLength":19,//闪电长度
		"lightningLengthRand":0,//闪电长度兰特
		"lightningDamage":15,//闪电伤害
		"lightningCone":180,//闪电锥
		"lightningAngle":90,//闪电角
      "fragBullet":{
		"type":"BasicBulletType", 
		"despawnEffect":"none",
		"width":4,
		"damage":1.1,
		"height":4,
		"lifetime":30,
        "speed":1.5
            }
    }
    }
    }