{
	"details": "为适应前线安装更强的激光发射器与护甲",
	"health": 920,
	"armor": 6,
	"abilities": [
		{
			"type": "StatusFieldAbility",
			"duration": 30,
			"reload": 330,
			"range": 80,
			"applyEffect": "none",
			"activeEffect": {
				"type": "WaveEffect",
				"lifetime": 20,
				"sizeFrom": 30,
				"sizeTo": 30,
				"strokeFrom": 1.3,
				"strokeTo": 0,
				"colorFrom": "97FFA8",
				"colorTo": "97FFA800"
			},
			"effect": "修复"
		}
	],
	"weapons": [
		{
			"name": "O枪",
			"reload": 20,
			"x": 8,
			"y": -6,
			"rotate": true,
			"rotateSpeed": 9,
			"inaccuracy": 0,
			"shootSound": "lasershoot",
			"bullet": {
				"type": "LaserBoltBulletType",
				"shootEffect":"shootHeal",
				"frontColor": "97FFA8",
				"backColor": "97FFA8",
				"healPercent": 6,
				"damage": 15,
				"pierce": true,
				"pierceCap": 2,
				"collidesTeam": true,
				"trailLength": 3,
				"trailWidth": 1.3,
				"trailColor": "97FFA8",
				"speed": 8,
				"lifetime": 21.875,
				"width": 2,
				"height": 8
			}
		},
		{
			"name": "O枪",
			"reload": 13,
			"x": 4,
			"y": 5,
			"rotate": true,
			"rotateSpeed": 9,
			"inaccuracy": 0,
			"shootSound": "lasershoot",
			"bullet": {
				"type": "LaserBoltBulletType",
				"shootEffect":"shootHeal",
				"frontColor": "97FFA8",
				"backColor": "97FFA8",
				"healPercent": 4,
				"damage": 12,
				"pierce": true,
				"pierceCap": 2,
				"collidesTeam": true,
				"trailLength": 3,
				"trailWidth": 1.3,
				"trailColor": "97FFA8",
				"speed": 8.2,
				"lifetime": 21.875,
				"width": 2,
				"height": 8
			}
		}
	]
}