{
	"health": 190,
    "mineSpeed": 20,
    "mineTier": 2,
    "drag":0.1
    "buildSpeed": 1,
    "speed":5,
    "range":160,
	"weapons":[
	{	"name": "阿尔法1",	
		"reload": 10, 
        "x": 2.5,  "y": 1.5, 
        "rotate": false,
        "inaccuracy": 0,
		"shootSound": "pew",
		"alternate": true,
		"ejectEffect":"casing1",
		"shoot":{
		"shots":1,
		"shotDelay":2
		}
		"bullet":{
"buildingDamageMultiplier":0.01,
	    "damage":12,
	    "speed":4.5,
	    "lifetime":30,
	    "width":6,	 "height":8
	}	}
	]
}
