{
	"health": 200,
    "mineSpeed": 25,
    "mineTier": 3,
    "drag":0.15
    "buildSpeed": 1.5,  
    "speed":6,
    "range":210
    "faceTarget": false,
	"weapons":[
	{	"name": "贝塔1",	
		"reload":10,
        "x": 2.8,  "y": 1, 
        "rotate": true,
        "rotateSpeed":9,
        "inaccuracy": 0,
		"shoot":{
			"shots":4,
			"shotDelay":2
		},
		"shootSound": "pew",
		"alternate": true,
		"ejectEffect":"casing1",
		"bullet":{
"buildingDamageMultiplier":0.01,
	    "damage":15,	  
	    "speed":6,
	    "lifetime":40,
	    "width":6,	 "height":8
	}	}
	]
}
