{
	"health": 490,
    "mineSpeed": 25,
    "mineTier": 4,
    "drag":0.08
    "buildSpeed": 1.85,
    "speed":7,
    "range":320,
	"weapons":[
	{	"name": "伽马1",	
		"reload": 5, 
        "x": -3.5,  "y":3.5, 
        "rotate": false,
        "top":false,
        "inaccuracy": 0,
		"shootSound": "shoot",
		"alternate": true,
	"ejectEffect":"casing2",
	"shoot":{
	"shots":12,
	"shotDelay":1,
	}
		"bullet":{
"buildingDamageMultiplier":0.01,
	    "damage":39,
	    "speed":8,
	    "lifetime":40,
	    "width":6,	 "height":8
	}	},
	]
}
