{
"type":"material",
"name":"海绵钛",
"description":"海绵钛是制作钛合金的主要材料，除此之外还能冶炼，海绵钛+硫酸加热之后=三价钛哦！，海绵钛是坚硬的物质并没有放电性",
"details":"钛不仅有原版的钛还有现实的海绵钛，这种钛主要制作钛合金",
"coler":"9179B3FF",
"explosiveness":0,//爆炸
"flammability":1.5,//燃烧
"radioactivity":0,//放射
"hardness":0,//放电
"hardness":4,
"cost":1,
"alwaysUnlocked":false,
"research":"copper"
}