{
    "type": "material",//类型这个是不能改的
    "name": "粗铁",//这个不是你模组的名字了这和个事你模组物品的名字
    "description": "粗铁是挖下来没有经过处理的铁",//简介和模组简介一样的意思
    "details": "需要经过碳烧制作成铁，或者用电力高温燃烧成铁",//科技树里面的简介
    "coler": "D7E7AFFF",//你的贴图颜色mod.json会说
    "explosiveness": 0,//爆炸性填1等于100%
    "flammability": 0,//燃烧性  一样
    "radioactivity": 0,//放电性
     "hardness": 0,//这个还有个意思就是放射性
    "hardness": 0,//硬度2是机械钻头才能挖3是气动钻头才能挖4是激光钻头才能挖5是爆破钻头才能挖
    "cost": 1,//成本不知道的别改
    "alwaysUnlocked": false,//是否始终在科技树里解锁  true是  false否
    "research": "copper"//解锁的前置如果不懂可以看我txt文件夹
}