{
"type":"material",
"name":"钛合金",
"description":"钛合金是有些东西需要用的比如，钛合金手机，钛合金齿轮等等有关于钛合金之类的，在mdt里钛合金起到大多的作用做炮台，做工厂，做墙，做子弹………",
"details":"钛合金用在航天工业，化工等等",
"coler":"9179B3FF",
"explosiveness":0,//爆炸
"flammability":1.5,//燃烧
"radioactivity":0,//放射
"hardness":0,//放电
"hardness":0,//硬度
"cost":1,
"alwaysUnlocked":false,
"research":"copper"
}