{
"type":"material",
"name":"铝",
"description":"铝是一种金属元素，元素符号为Al，原子序数为13。其单质是一种银白色轻金属。有延展性。商品常制成棒状、片状、箔状、粉状、带状和丝状。在潮湿空气中能形成一层防止金属腐蚀的氧化膜。铝粉在空气中加热能猛烈燃烧，并发出眩目的白色火焰。易溶于稀硫酸、硝酸、盐酸、氢氧化钠和氢氧化钾溶液，难溶于水。相对密度2.70。熔点660℃。沸点2327℃。铝元素在地壳中的含量仅次于氧和硅，居第三位，是地壳中含量最丰富的金属元素。航空、建筑、汽车三大重要工业的发展，要求材料特性具有铝及其合金的独特性质，这就大大有利于这种新金属铝的生产和应用。应用极为广泛。",
"details":"化学元素铝，化学符号Al",
"coler":"A7A7A7FF",
"explosiveness":0,
"flammability":0,
"radioactivity":0,
"hardness":0,
"hardness":0,
"cost":1,
"alwaysUnlocked":false,
"research":"thorium"
}