{
//t3
	"health": 7900,
	"details": "更高的载弹量，更强的修理能力，同时搭载声波系统，但能量分配可能会出现问题",
	"rotateSpeed": 2.43,
	"range": 240,
	"weapons": [
		{
			"name": "灾星2",
			"type": "RepairBeamWeapon",
			"x": 11,
			"y": -10,
			"shootY": 6,
			"beamWidth": 0.88,
			"mirror": true,
			"repairSpeed": 0.88,
			"bullet": {
				"maxRange": 150
			}
		},
		{
			"name": "江豚1",
			"x": 9,
			"y": 3,
			"rotate": true,
			"rotateSpeed": 4,
			"inaccuracy": 1,
			"shootSound": "missile",
			"reload": 100,
			"shoot": {
				"shots": 3,
				"shotDelay": 8,
				"type": "ShootBarrel",
				"barrels": [
					1.5,5.5,-7.5,
					3.5,3.5,-22.5,
					2.5,4.5,-15
				]
			},
			"bullet": {
				"type": "BasicBulletType",
				"height": 16,
				"width": 10,
				"damage": 40,
				"shrinkY": 0,
				"weaveScale": 8,
				"weaveMag": 1,
				"keepVelocity": false,
				"absorbable": false,
				"homingDelay": 50,
				"homingPower": 0.08,
				"homingRange": 80,
				"splashDamageRadius": 55,
				"splashDamage": 45,
				"sprite": "missile-large",
				"frontColor": "FFFFFF",
				"backColor": "97FFA8",
				"collidesTeam": true,
				"healPercent": 2.8,
				"trailLength": 46,
				"trailWidth": 2,
				"trailColor": "97FFA8",
				"speed": 1,
				"lifetime": 100,
				"drag": -0.017,
				"hitEffect": {
					"type": "ExplosionEffect",
					"lifetime": 28,
					"waveStroke": 6,
					"waveLife": 10,
					"waveRadBase": 7,
					"waveColor": "97FFA8",
					"waveRad": 30,
					"smokes": 6,
					"smokeColor": "FFFFFF",
					"sparkColor": "97FFA8",
					"sparks": 6,
					"sparkRad": 35,
					"sparkStroke": 1.5,
					"sparkLen": 4
				},
				"smokeEffect": "none",
				"hitSound": "plasmaboom",
				"fragBullets": 7,
				"fragVelocityMin": 0.3,
				"fragBullet": {
					"type": "MissileBulletType",
					"width": 8,
					"height": 8,
					"shrinkY": 0,
					"frontColor": "FFFFFF",
					"backColor": "97FFA8",
					"collidesTeam": true,
					"healPercent": 2.8,
					"trailChance": -1,
					"trailLength": 20,
					"trailWidth": 2.2,
					"trailColor": "97FFA8",
					"speed": 4,
					"lifetime": 60,
					"damage": 8,
					"splashDamageRadius": 13,
					"splashDamage": 13,
					"ammoMultiplier": 5,
					"hitEffect": {
						"type": "ExplosionEffect",
						"lifetime": 20,
						"waveStroke": 2,
						"waveColor": "97FFA8",
						"waveRad": 12,
						"smokes": 0,
						"sparkColor": "97FFA8",
						"sparks": 9,
						"sparkRad": 35,
						"sparkStroke": 1.5,
						"sparkLen": 4
					},
					"status": "electrified",
					"statusDuration": 360
				}
			}
		},
		{
			"name": "江豚2",
			"reload": 33,
			"x": 0,
			"y": 0,
			"rotate": true,
			"inaccuracy": 0,
			"mirror": false,
			"shootSound": "lasershoot",
			"bullet": {
				"type": "BasicBulletType",
				"frontColor": "97FFA880",
				"backColor": "97FFA880",
				"parts": [
					{
						"type": "HaloPart",
						"rotateSpeed": 0,
						"x": 1.5,
						"shapeRotation": -120,
						"sides": 3,
						"shapes": 1,
						"color": "97FFA8",
						"colorTo": "97FFA8",
						"layer": 50,
						"tri": true,
						"radius": 8,
						"radiusTo": 3,
						"triLength": 24,
						"triLengthTo": 8,
						"haloRadius": 0,
						"haloRotation": 0
					},
					{
						"type": "HaloPart",
						"rotateSpeed": 0,
						"x": -1.5,
						"shapeRotation": 120,
						"sides": 3,
						"shapes": 1,
						"color": "97FFA8",
						"colorTo": "97FFA8",
						"layer": 50,
						"tri": true,
						"radius": 8,
						"radiusTo": 3,
						"triLength": 24,
						"triLengthTo": 8,
						"haloRadius": 0,
						"haloRotation": 0
					}
				],
				"healPercent": 1,
				"status": "干扰",
				"statusDuration": 15,
				"layer": 50,
				"damage": 15,
				"collidesTeam": true,
				"pierce": true,
				"sprite": "饱和火力-透彻",
				"trailChance": 1,
				"trailInterval": 60,
				"trailEffect": {
					"type": "WaveEffect",
					"lifetime": 26,
					"sizeFrom": 0,
					"sizeTo": 16,
					"strokeFrom": 2,
					"strokeTo": 0,
					"colorFrom": "97FFA880",
					"colorTo": "97FFA880",
					"layer": 50
				},
				"hitEffect": {
					"type": "ParticleEffect",
					"particles": 7,
					"line": true,
					"strokeFrom": 1.3,
					"strokeTo": 0,
					"lenFrom": 24,
					"lenTo": 8,
					"length": 30,
					"baseLength": 0,
					"lifetime": 22,
					"colorFrom": "97FFA8",
					"colorTo": "97FFA8",
					"cone": 15
				},
				"despawnEffect": "none",
				"shootEffect": "none",
				"smokeEffect": "none",
				"speed": 10,
				"lifetime": 29.9,
				"width": 24,
				"height": 10
			}
		}
	]
}