{
  "type":"ItemTurret",//种类
  "name":"单管炮",//名称
  "description":"一个炮口打敌人，伤害较高",//描述
  "health": 450,//生命
  "liquidCapacity":20,//液体容量
  "size":1,//大小
  "requirements":[
  {"item":"lead","amount":20}
  {"item":"copper","amount":35}
  ],//建造消耗的材料
  "category":"turret",//游戏界面分类
  "research":"duo",//科技树前一项
  "rebuildable":true,//是否能重建
  "baseExplosiveness":0,//基础爆炸性
  "canOverdrive":true,//超频是否应用
  "targetable":true,//是否受到单位攻击
  "breakSound":"fire",//方块破坏音效
  "solid":true,//是否是固体
  "buildCostMultiplier":1.5,//建造时间倍率
  "heatColor":"FF0000",//过热颜色++++
  "shootEffect":"none",//射击特效
  "smokeEffect":"none",//冒烟特效
  "ammoUseEffect":"none",//换弹特效
  "shootSound":"shoot",//射击音效
  "ammoPerShot":2,//射击一次消耗子弹
  "range":160,//范围1=8
  "reload":60,//装弹时间
  "inaccuracy":1,//精准度
  "shots":1,//一次射出子弹数
  "spread":3,//散弹散布
  "recoil":2,//后坐力
  "restitution":45,//复原速度
  "cooldown":0.2,//冷却延迟
  "rotatespeed":0.9,//转速
  "shootCone":1,//瞄准射击最大误差
  "shootShake":0,//射击摇晃屏幕
  "xRand":0,//射击偏移
  "targetAir":true,//空
  "targetGround":true,//陆
  "outlineIcon":false,//图标描边
  "outlineColor":"FFFFFF",//描边颜色++++
  "coolantMultiplier":2,//液体加速百分比
  "coolEffect":"none",//液体加速特效
  "maxAmmo":30,//弹夹容量
  "ammoTypes":{
    "copper":{
      "type":"BasicBulletType",//种类
      "backColor":"CCD25CFF",//后贴图颜色
      "frontColor":"C1C83DFF",//前贴图颜色
      "width":7,//子弹宽
      "height":7,//子弹长
      "lifetime":24,//子弹消失延迟
      "speed":5,//子弹速度
      "damage":15,//子弹伤害
      "hitSize":5,//子弹碰撞箱大小
      "pierce":false,//是否穿透单位
      "hitEffect":"none",//击中特效
      "despawnEffect":"none",//子弹消失特效
      "shootEffect":"none",//射击特效
      "smokeEffect":"none",//冒烟特效
      "hitSound":"none",//子弹击中音效
      "ammoMultiplier":2,//一个物品打几发
      "reloadMultiplier":4,//装弹速度倍率
      "instantDisappear":false,//子弹瞬间消失
      "hitTiles":false,//是否打方块
      "collidesTiles":false,//是否碰撞方块
      "collidesTeam":true,//是否碰撞友方
      "collidesAir":true,//是否碰撞空中单位
      "collides":true,//是否碰撞
      "fragBullet":{
		"type":"BasicBulletType", 
		"despawnEffect":"none",
		"width":4,
		"damage":7,
		"height":4,
        "lifetime":30,
        "speed":1.5
            }
    },
    "silicon":{
      "type":"BasicBulletType",//种类
      "backColor":"CCD25CFF",//后贴图颜色
      "frontColor":"C1C83DFF",//前贴图颜色
      "width":8,//子弹宽
      "height":24,//子弹长
      "lifetime":28,//子弹消失延迟
      "speed":6,//子弹速度
      "damage":20,//子弹伤害
      "hitSize":8,//子弹碰撞箱大小
      "pierce":false,//是否穿透单位
      "hitEffect":"none",//击中特效
      "despawnEffect":"none",//子弹消失特效
      "shootEffect":"none",//射击特效
      "smokeEffect":"none",//冒烟特效
      "hitSound":"none",//子弹击中音效
      "ammoMultiplier":2,//一个物品打几发
      "reloadMultiplier":4,//装弹速度倍率
      "instantDisappear":false,//子弹瞬间消失
      "hitTiles":false,//是否打方块
      "collidesTiles":false,//是否碰撞方块
      "collidesTeam":true,//是否碰撞友方
      "collidesAir":true,//是否碰撞空中单位
      "collides":true,//是否碰撞
      "fragBullet":{
		"type":"BasicBulletType", 
		"despawnEffect":"none",
		"width":4,
		"damage":20,
		"height":4,
		"lifetime":30,
        "speed":1.5
            }
    },
    "graphite":{
      "type":"BasicBulletType",//种类
      "backColor":"CCD25CFF",//后贴图颜色
      "frontColor":"C1C83DFF",//前贴图颜色
      "width":15,//子弹宽
      "height":15,//子弹长
      "lifetime":28,//子弹消失延迟
      "speed":4,//子弹速度
      "damage":25,//子弹伤害
      "hitSize":15,//子弹碰撞箱大小
      "pierce":false,//是否穿透单位
      "hitEffect":"none",//击中特效
      "despawnEffect":"none",//子弹消失特效
      "shootEffect":"none",//射击特效
      "smokeEffect":"none",//冒烟特效
      "hitSound":"none",//子弹击中音效
      "ammoMultiplier":2,//一个物品打几发
      "reloadMultiplier":4,//装弹速度倍率
      "instantDisappear":false,//子弹瞬间消失
      "hitTiles":false,//是否打方块
      "collidesTiles":false,//是否碰撞方块
      "collidesTeam":false,//是否碰撞友方
      "collidesAir":true,//是否碰撞空中单位
      "collides":true,//是否碰撞
      "fragBullet":{
		"type":"BasicBulletType", 
		"despawnEffect":"none",
		"width":4,
		"damage":1.1,
		"height":4,
		"lifetime":30,
        "speed":1.5
            }
    }
    }
    }