{
	"health": 1200,
	"armor": 9,
	"weapons": [
		{
			"name": "毒蛛1",
			"top": false,
			"shootY": 3,
			"reload": 6,
			"ejectEffect": "none",
			"recoil": 1,
			"x": 7,
			"y": 0,
			"rotate": false,
			"shootSound": "flame",
			"bullet": {
				"type": "LiquidBulletType",
				"drag": 0.009,
				"shootEffect": "shootSmall",
				"collidesAir": false,
				"liquid": "slag",
				"lifetime": 60,
				"speed": 3,
				"knockback": 0.8,
				"statusDuration": 600,
				"status": "melting",
				"damage": 39
			}
		}
	]
}