{
	//主空t1
	"immunities": ["unmoving","freezing"],
	"rotateSpeed": 3.5,
	"speed": 2.8,
	"accel": 0.1,
	"drag": 0.09,
	"trailLength":3.23,
	"targetAir": true,
	"circleTarget": true,
	"health": 190,
	"weapons": [
			{
			"name": "堡垒1",
			"reload": 48,
			"x": 2,
			"y": 1,
			"rotate": false,
			"inaccuracy": 0,
			"shake": 2,
			"recoil": 4,
			"shootY": 7,
			"top": false,
			"alternate": true,
			"ejectEffect": "casing3",
			"shootSound": "artillery",
			"bullet": {
				"type": "ArtilleryBulletType",
				"recoil": 0.45,
				"homingRange": 40,
				"homingPower": 0.1,
				"homingDelay": 27,
				"collides": true,//属于单位
				"collidesTiles": false,//属于陆军单位
				"collidesAir": false,//属于空中单位
				"status": "blasted",
				"damage": 9,//伤害
				"speed": 3.2,//子弹速度
				"lifetime": 30,//攻击
				"hitSound": "explosion",
				"hitEffect": "flakExplosionBig",
				"despawnEffect": "blastExplosion",
				"shootEffect": "shootBig2",
				"smokeEffect": "shootBigSmoke",
				"splashDamage": 8,//范围伤害
				"splashDamageRadius": 45,
				"width": 12,
				"height": 16
			}
		}
	]
}