{
	"radius":160,//盾半径
	"phaseUseTime": 300
	"phaseRadiusBoost": 80//放入物品后增加的盾半径
	"phaseShieldBoost": 3000//物品放入后增加的盾容
	"sides":6,//边数
	"liquidCapacity": 20,//液体容量
	"itemCapacity": 20,//物品容量
	"shieldHealth":6000,//护盾量
	"coolantConsumption": 0.1//液体消耗量（60倍）
	"cooldownNormal":3,//盾破前每秒回复（60倍）
	"cooldownLiquid":2,//输入液体后回复倍率（非学术端不显示）
	"cooldownBrokenBase":1//盾破后每秒回复（60倍）
	"consumes":{
		"power":7,
		}
} 