{
    "name":"高级投影器",
    "health":2500,
    "size":4,
	"description": "在中等范围内提供较高超速力场，使用裂位能提高效率。",
	"type": "ForceProjector",
	"category": "effect",
	"research": "copper"
	"radius":240,//盾半径
	"phaseUseTime": 300
	"phaseRadiusBoost": 240//放入物品后增加的盾半径
	"phaseShieldBoost": 10000//物品放入后增加的盾容
	"sides":256,//边数
	"liquidCapacity": 20,//液体容量
	"itemCapacity": 20,//物品容量
	"shieldHealth":16000,//护盾量
	"coolantConsumption": 0.1//液体消耗量（60倍）
	"cooldownNormal":2,//盾破前每秒回复（60倍）
	"cooldownLiquid":2,//输入液体后回复倍率（非学术端不显示）
	"cooldownBrokenBase":1//盾破后每秒回复（60倍）
	"consumes":{
		"power":10,
			"items": {
			"items": [
				"phase-fabric/1"
			],
			"booster": true,
			"optional": true
		}
		}
			"requirements": [
	"lead/400",
	"silicon/260",
	"phase-fabric/250",
	"surge-alloy/230",
	"plastanium/160",
	"铁合金/130",
	"钢筋/60",
	"钛合金/120",
	]
}