{
    "type": "ConsumeGenerator",
    "name": "铅发电机",
    "description": "前期的发电机，发电量较小",
    "size": 1,
    "health": 25,
    "hasLiquids": false,
    "hasItems": true,
    "itemDuration": 360,
    "powerProduction": 0.5,//发电量1＝60
    "itemCapacity": 10,
    "consumes": {
        "itemFlammable": {}
    },
    "requirements": [
        {"item": "copper","amount": 40},
        {"item": "lead","amount": 30}
    ],
    "category": "power",
    "research": "steam-generator"
}