{
    "type": "PowerNode",
    "name": "锂离子电力节点",
    "description": "升级版电力节点，有较高的血量和较远的范围",
    "size": 2,
    "health": 700,
    "maxNodes": 25,//最大连接数
    "laserRange": 23,//连接范围
    "research": "锂离子小电池",
    "hasPower": true,
    "consumes": {
        "powerBuffered": 200
    },
    "consumesPower": true,
    "outputsPower": true,
    "requirements": [
        {
            "item": "lead",
            "amount": 50
        },
        "titanium/70",
        "silicon/60",
         "锂/60",
    ],
    "category": "power"
}