{
   "name":"分离厂",//名称
   "type":"Separator",//类型
   "description":"解离机的升级版，可淘出金，可分离出子弹（因为分离出火药水之后凝成火药石，之后会把火药石砸碎砸成火药）分离速度很快，做成火药之后便会做成各种子弹，金只能淘所以要输入三种材料",
   "itemCapacity":60,
   "health":700,
   "size":3,
   "hasPower":true,
   "hasLiquids":true,
   "hasItems":true,
   "craftTime":1,
   "liquidCapacity": 60,
   "consumes":{
     "power":3,//需要的电力 1=60
     "liquid":"water/0.5",//水
     "liquid":"slag/0.4",//矿渣
            },
   "results":[
           {"item":"surge-alloy","amount":2},
           {"item":"silicon","amount":2},
           {"item":"金","amount":1},
           {"item":"VOG","amount":1},
            ],
   "requirements":[
     "thorium/160",
      "钛合金/80",
       "铁合金/60",
   ],
   "category":"crafting",
    "research": "copper",
   "idleSound": "respawning"
}