{
   "name":"高温分离机",//名称
   "type":"Separator",//类型
   "description":"分离机的另一个版本，使用冷冻机进行快速降温，从而快速产出产物",
   "itemCapacity":60,
   "health":700,
   "size":3,
   "hasPower":true,
   "hasLiquids":true,
   "hasItems":true,
   "craftTime":35,
   "liquidCapacity": 48,
   "consumes":{
     "power":5,//需要的电力 1=60
     "liquid":"slag/0.4",//水
            },
   "results":[
           {"item":"海绵钛","amount":1},
           {"item":"粗铁","amount":1},
           {"item":"金","amount":1},
           {"item":"VOG","amount":1},
            ],
   "requirements":[
     "thorium/90",
     "silicon/110",
     "metaglass/80",
       "graphite/90",
   ],
   "category":"crafting",
    "research": "copper",
   "idleSound": "respawning"
}