{
	"type": "flying",
	"name": "星耀",
	"description": "拥有强大的盾和血量，攻击比要塞高了不少",
	"ammoCapacity": 60,
    "ammoResupplyAmount":1,
    "speed": 2,
	"flying": true,/*能否飞行，true为能飞 */
	"turnCursor":false,/*转动光标 */
	"engineOffset": 0,/*发动机偏移 */
	"engineSize": 10,/*发动机大小 */
    "hitSize": 0,
    "targetAir":"true",
    "health": 160000,
    "armor": 42,/*装甲 */
    "mineSpeed": 5,/*挖矿速度 1=100% */
    "mineTier": 3,/*挖矿等级，你可以挖什么矿 */
    "buildSpeed": 4,/*构建速度 1=100%*/
    "rotateSpeed": 3,/*转速，旋转的速度 */
    "itemCapacity": 560,/*容量，字面意思 */
    "commandLimit": 36,//命令限制
    "abilities": [//能力
        {
    "type":"ForceFieldAbility",//能力类型
    "radius": 240,/*半径大小，按8/格算！ */
    "regen": 6,//再生
    "max": 75000,/*力场血量上限 */
    "cooldown": 600,}//冷却时间
    ]
}