{
	"type": "flying",
	"name": "极竜",
	"description": "王座的升级版",
	"ammoCapacity": 50,
    "ammoResupplyAmount":1,/*弹药补给倍率 */
    "speed": 0.76,
	"flying": false,
	"turnCursor":false,/*转动光标 */
	"engineOffset": 0,/*发动机偏移 */
	"engineSize": 3,/*发动机大小 */
    "hitSize": 5,/*被击中大小，你的大小 */
    "targetAir":"true",/*目标航空 */
    "health": 170000,/*血量 */
    "armor": 35,/*装甲 */
    "rotateSpeed": 3,/*转速，旋转的速度 */
    "itemCapacity": 560,/*容量，字面意思 */
    "commandLimit": 36,/*命令限制，能让多少单位跟着你！ */
    "rotateShooting": "true",
    	"weapons":[ 
    	{
	"x":0,"y":0,/*位置 x为上下y为左右 */
	"mirror":"true",/*镜像，是否对称 */
	"reload":3,/*重新装弹速度 */
	"rotate": "true",/*是否旋转 */
	"rotateSpeed":3,/*旋转速度 */
	"shootEffect":"shootSmall",/*射击效果 */
	"shootSound":"shoot",/*射击声 */
	"bullet":{
	"type":"ArtilleryBulletType",/*子弹类型 */
	"damage": 160,/*伤害 */
	"frontColor":"FFDE00",/*子弹颜色 正面颜色*/
	"backColor":"FF4E00",/*背景色 */
	"width": 5,/*子弹宽度 */
	"height": 5,/*子弹长度 */
	"speed": 5,/*子弹速度 */
	"reloadTime": 32,//攻击范围
	"lifetime":160,//存在时间，帧
	"buildingDamageMultiplier":1/*对建筑物伤害/乘数 */
	"homingPower":0.00,//追踪力度
      "homingRange":800,//追踪范围，8/格
	} 	
	},
    ]
}