{
	"type": "flying",
	"name": "毁星",
	"description": "死星的升级版，拥有双重激光增强了长度",
	"ammoCapacity": 60,/*弹药容量 */
    "ammoResupplyAmount":1,/*弹药补给倍率 */
    "speed": 0.63,/*速度 */
	"flying": false,/*能否飞行，true为能飞 */
	"turnCursor":false,/*转动光标 */
	"engineOffset": 0,/*发动机偏移 */
	"engineSize": 0,/*发动机大小 */
    "hitSize": 0,/*被击中大小，你的大小 */
    "targetAir":"true",/*目标航空 */
    "health": 149000,
    "armor": 42,
    "rotateSpeed": 3,/*转速，旋转的速度 */
    "itemCapacity": 560,
    "commandLimit": 36,//命令限制
    "rotateShooting": "true",//是否旋转射击
    	"weapons":[ 
    	{
    	"name":"死星1",
		"shootSound":"laserblast",
		"chargeSound":"lasercharge",
		"top":false,
		"mirror":false,
		"shake":14,
		"x":5,"y":0,
		"shootY":5,
		"reload":420,
		"recoil":0,
		"cooldownTime":350,
		"shootStatusDuration":130,
		"shootStatus":"unmoving",
		"parentizeEffects":true,
		"shoot":{
			"type":"ShootPattern",
			"firstShotDelay":60
		},
	"bullet":{
		"type":"LaserBulletType",
		"length":550,
		"damage":550,
		"splashDamage":350,
		"splashDamageRadius":450,
		"width":75,
		"lifetime":70,
		"lightningColor":"97FFA8",
		"lightningSpacing":32,
		"lightningLength":5,
		"lightningDelay":1.1,
		"lightningLengthRand":15,
		"lightningDamage":90,
		"lightningAngleRand":40,
		"largeHit":true,
		"sideAngle":20,
		"sideWidth":2,
		"sideLength":60,
		"colors":["97FFA890", "97FFA880", "FFFFFF"],
		"chargeEffect":"greenLaserCharge",
		"healPercent":33,
		"collidesTeam":true
	  }
	  }
	  ]
    }