{
"name":"AP子弹制作厂",
"type":"GenericCrafter",
"description":"使用火药和金精良的制作出AP，AP能作为弹药",
"itemCapacity":20,
"health":700,
"size":2,
"hasPower":true,
"hasLiquids":false,
"hasItems":true,
"craftTime":60,
"consumes":{
"power":2,
"items":[
{"item":"火药","amount":1},
{"item":"金","amount":1},
 ]
  }
"outputItem":{"item":"AP","amount":1},
"requirements":[
"graphite/60",
"titanium/70",
"silicon/75",
],
"category":"crafting",
"research": "粗铁",
"idleSound": "respawning"
}