{
	"type": "HeatProducer",
	"name": "二氧化碳制取机",
	"description":"使用煤炭加热生成二氧化碳和热量",
	"heatOutput": 10,
    "outputLiquid":"二氧化碳/0.1",
	"size": 3,
	"hasLiquids": true,
	"liquidCapacity": 20,
	"craftTime": 45,
	"drawer":{
	    "type":"DrawMulti",
	  "drawers":[
	  {
        "type": "DrawRegion",
        "suffix": "-bottom"
      },
      {
        "type": "DrawLiquidRegion",
        "drawLiquid": "二氧化碳"
//液体(可选)
      },
        "DrawDefault"
        {
				"type": "DrawFlame",
				"flameColor": "FF7070FF"
//火焰(可选)
		}
	    "DrawRegion"
	    "DrawHeatOutput"
//热量输出
	  ]
	},
	"craftEffect": "none",
	"consumes": {
		"items": [
			"coal/1",
		]
	},
	"requirements": [
	"metaglass/60",
    "titanium/80",
    "silicon/120",
    "铁合金/60",
	],
	"researchCostMultiplier": 2,
	"category": "crafting",
	"research": {
	},
    "details":"二氧化碳用来做东西的"
}