{
"name":"氢氧化钠合成室",
"type":"GenericCrafter",
"description":"钠＋水反应生成氢氧化钠和氢气",
"itemCapacity":10,
"liquidCapacity":10,
"health":500,
"size":2,
"hasPower":true,
"hasLiquids":true,
"hasItems":true,
"craftTime":60,
"consumes":{
"power":2,
"items":[
{"item":"钠","amount":1},
 ]
"liquid":{"liquid":"water","amount":0.1}
  }
  "outputLiquid":"氢氧化钠/0.1",
"requirements":[
"silicon/60",
"titanium/90",
"metaglass/80",
],
"category":"crafting",
"research": "copper",
"idleSound": "respawning"
}