{
"name":"水泥混合机",
"type":"GenericCrafter",
"description":"使用水，铁，石灰进行搅拌成水泥，水泥能制作墙和混凝土",
"itemCapacity":10,
"health":500,
"size":2,
"hasPower":true,
"hasLiquids":false,
"hasItems":true,
"craftTime":60,
"consumes":{
"power":2,
"items":[
{"item":"石灰","amount":2},
{"item":"铁","amount":2},
{"item":"metaglass","amount":1},
 ]
"liquid":{"liquid":"water","amount":0.4}
  }
"outputItem":{"item":"水泥瓶","amount":4},
"requirements":[
"copper/80",
"titanium/95",
"silicon/70",
],
"category":"crafting",
"research": "粗铁",
"idleSound": "respawning"
}