{
"name":"泵头蒸发机",
"type":"GenericCrafter",
"description":"真空盐湖法：真空盐湖法是从天然盐湖中提取氯化钠的常见方法。首先，通过浅井或钻井取得含有氯化钠的地下水。然后将地下水通过蒸发器蒸发，使溶液中的水分逐渐减少，而盐分浓度逐渐增加。后，通过结晶和过滤等步骤，得到氯化钠的结晶。",
"liquidCapacity":60,
"health":780,
"size":2,
"hasPower":true,
"hasLiquids":true,
"hasItems":false,
"craftTime":60,
"consumes":{
"power":2,
"liquid":{"liquid":"water","amount":0.4}
  }
  "outputLiquid":"氯化钠/0.1",
"requirements":[
"copper/80",
"titanium/95",
"silicon/70",
],
"category":"crafting",
"research": "粗铁",
"idleSound": "respawning"
}