{
"name":"混凝土拌构机",
"type":"GenericCrafter",
"description":"混凝土对多种材料进行搅拌，形成建筑材料，在制作前要将水泥，沙子，碎石按比例放入，比例是 1 : 4 : 7，简单化处理",
"itemCapacity":30,
"health":1600,
"size":3,
"hasPower":true,//
"hasLiquids":false,//
"hasItems":true,//
"craftTime":240,//60=1s
"consumes":{
"power":4,//1=60
"items":[
{"item":"水泥瓶","amount":1},
{"item":"sand","amount":2},
{"item":"碎石","amount":3},
 ]
  }
"outputItem":{"item":"混凝土瓶","amount":4},
"requirements":[
"金/30",
"titanium/130",
"silicon/130",
],
"category":"crafting",
"research": "粗铁",
"idleSound": "respawning"
}