{
"name":"火药生产厂",
"type":"GenericCrafter",
"description":"气相法是指将矿石或合金在高温下被气体还原的方法。这种方法能够生产高纯度铁合金，适用于高温炉冶和大型生产",
"itemCapacity":10,
"health":500,
"size":2,
"hasPower":true,
"hasLiquids":false,
"hasItems":true,
"craftTime":60,
"consumes":{
"power":3,
"items":[
{"item":"硝酸钾","amount":1},
{"item":"pyratite","amount":1},
{"item":"coal","amount":1},
 ]
  }
"outputItem":{"item":"火药","amount":3},
"requirements":[
"copper/90",
"titanium/60",
"silicon/80",
],
"category":"crafting",
"research": "粗铁",
"idleSound": "respawning"
}