{
"name":"碳酸氢铵生产室",
"type":"GenericCrafter",
"description":"使用氨气与水和二氧化碳，进行化学反应生成碳酸氢铵",
"itemCapacity":30,
"health":1600,
"size":3,
"hasPower":true,//
"hasLiquids":true,//
"hasItems":true,//
"craftTime":60,//60=1s
"consumes":{
"power":2,
"liquids":[
"water/0.1"
"氨气/0.1"
"二氧化碳/0.1"
 ]
  }
  "outputLiquid":"氢氧化铵/0.1",
"requirements":[
"金/30",
"titanium/130",
"silicon/130",
],
"category":"crafting",
"research": "粗铁",
"idleSound": "respawning"
}