{
"name":"臭氧发生器",
"type":"GenericCrafter",
"description":"臭氧发生器利用高压放电原理，通过电晕放电使氧分子被电离成为两个氧原子，氧原子再和氧分子相结合，从而产生臭氧",
"liquidCapacity":60,
"health":500,
"size":3,
"hasPower":true,//
"hasLiquids":false,//
"hasItems":true,//
"craftTime":45,//60=1s
"consumes":{
"power":7,
}
"outputLiquid":{"liquid":"ozone","amount":0.1},
"requirements":[
"metaglass/60",
"titanium/60",
"silicon/110",
],
"category":"crafting",
"research": "粗铁",
"idleSound": "respawning"
}