{
"name":"角质破碎机",
"type":"GenericCrafter",
"description":"将石英石通过机械设备进行碾磨，研磨成不同粒径大小的石英砂",
"itemCapacity":10,
"health":680,
"size":1,
"hasPower":true,
"hasLiquids":false,
"hasItems":true,
"craftTime":30,
"consumes":{
"power":0.3,
"items":[
{"item":"石英","amount":1},
 ]
  }
"outputItem":{"item":"石英砂","amount":1},
"requirements":[
"铁/60",
"titanium/90",
"silicon/110",
],
"category":"crafting",
"research": "粗铁",
"idleSound": "respawning"
}