{
"name":"钛合金制造机",
"type":"GenericCrafter",
"description":"用海绵钛，铝制作成钛合金，钛合金一般用于航空工业，化工等",
"itemCapacity":10,
"health":1600,
"size":3,
"hasPower":true,
"hasLiquids":false,
"hasItems":true,
"craftTime":85,
"consumes":{
"power":2.5,
"items":[
{"item":"海绵钛","amount":1},
{"item":"铝","amount":1},
 ]
  }
"outputItem":{"item":"钛合金","amount":1},
"requirements":[
"lead/80",
"titanium/80",
"silicon/120",
],
"category":"crafting",
"research": "粗铁",
"idleSound": "respawning"
}