{
"name":"钢筋制造机",
"type":"GenericCrafter",
"description":"用铁，石灰石，废料，煤炭和高压电来制作钢筋，钢筋能制作混凝土",
"itemCapacity":20,
"health":870,
"size":3,
"hasPower":true,
"hasLiquids":false,
"hasItems":true,
"craftTime":100,
"consumes":{
"power":6,
"items":[
{"item":"铁","amount":1},
{"item":"石灰","amount":2},
{"item":"coal","amount":2},
{"item":"scrap","amount":2},
 ]
  }
"outputItem":{"item":"钢筋","amount":4},
"requirements":[
"lead/60",
"titanium/70",
"silicon/130",
],
"category":"crafting",
"research": "粗铁",
"idleSound": "respawning"
}