{
"name":"铁合金制作机",
"type":"GenericCrafter",
"description":"气相法是指将矿石或合金在高温下被气体还原的方法。这种方法能够生产高纯度铁合金，适用于高温炉冶和大型生产",
"itemCapacity":10,
"health":500,
"size":2,
"hasPower":true,
"hasLiquids":false,
"hasItems":true,
"craftTime":60,
"consumes":{
"power":6,
"items":[
{"item":"铁","amount":1},
 ]
  }
"outputItem":{"item":"铁合金","amount":1},
"requirements":[
"copper/60",
"titanium/70",
"silicon/90",
],
"category":"crafting",
"research": "粗铁",
"idleSound": "respawning"
}