{
"name":"高电解机",
"type":"GenericCrafter",
"description":"水通电生成氢气、氧气。正极产生的是氧气，负极产生的是氢气",
"liquidCapacity":12,
"health":500,
"size":3,
"hasPower":true,
"hasLiquids":false,
"hasItems":true,
"craftTime":45,
"consumes":{
"power":3,
"liquids":[
{"liquids":"water","amount":0.2},
]
}
"outputLiquid":{"liquid":"hydrogen","amount":0.1},
"requirements":[
"metaglass/20",
"titanium/60",
"silicon/70",
],
"category":"crafting",
"research": "粗铁",
"idleSound": "respawning"
}