{
	"type": "UnitFactory",
	"name": "多量级单位重构工厂",
	"description": "将输入的单位升级到第六级",
	"health":6500,
	"size":11,
		"consumes":{
			"power":35,
			"items":{
				"items":[
					{"item":"钛合金","amount":700},
					{"item":"silicon","amount":1500},
					{"item":"surge-alloy","amount":1000},
						{"item":"铝","amount":680},
				]
	          "liquid": "cryofluid/7"
			},
		},
		"upgrades":[
			["reign","极竜"],//主陆t5
			["eclipse","羌雾"],//主空t5
			["omura","睦磷"],//主海t5
			["corvus","毁星"],//陆辅t5
			["out","星耀"],//空辅t5
			["navanax","佔补"],//海辅t5
			["toxopid","止蝎"],//副主陆t5
		],
	"requirements": [
		{ "item": "lead", "amount":6000},
		{ "item": "钛合金", "amount":690},
		{ "item": "silicon","amount":4000},
		{ "item": "铁合金","amount":1200},
		{ "item": "surge-alloy", "amount":1600}
		],
	"constructTime":36000,
	"category":"units",
	"buildVisibility":"shown",//构建时是否可见"shown"可见
	"research":{
	"parent":"tetrative-reconstructor",
	},
}