{
	"type":"Drill",
	"name":"磁光钻头"
	"description":"爆破钻头的升级版，能挖许多矿物",
	"size": 4,
	"health": 800,
	"tier": 6,
	"drillTime": 75,//(越小越快
	"itemCapacity": 40,
	"liquidCapacity":50,
	"rotateSpeed": 3,//-rotator
	"drawMineltem": false,
	"idleSound":"DrillBit",
	"idleSoundVolume": 0.1,
	"liquidBoostIntensity": 2,
	"consumes":{
		"power": 4,
		"liquid":{
			"liquid":"cryofluid",
			"amount":0.1,
			"optional":true,
			}
	},
	"requirements":[
		{"item":"silicon","amount": 100},//硅
		{"item":"plastanium","amount": 70},//塑钢
		{"item":"metaglass","amount":60},//玻璃
		{"item":"锂","amount": 70},
		],
	"category": "production",
	"research": "锂",
	}