{
    "name": "工业1.1.6.1",//表面意思
    "displayName":  "工业1.1.6.1",//可另填其他
    "author":"good",//作者名字
    "description":"本款模组属于化学区模组帮助不会化学的人学化学\n本款模组还有很多的实验室供你做化学反应\n款模组还包了航天工业核工业，海工业等都有\n你可以打开mt管理器查看我们的介绍\n1.1迎来新的阶段，整改了单位的血量和攻击，调整了工厂的输出\n模组不能兼容CLAJ\nmt里的化学方程式是给你们用的，具体些就是有什么不会就找mt里的化学方程式看看\n1.1.3.7版本改了单位的一些参数\n\n最后一句更改了贴图！\n\n群进:797253575\n\n更多请见mt里的模组1.1.1.5版本开始不知道为什么本模组不谦容claj画了许多贴图了1.1.3.7更改了单位参数\n\n化学方程式在txt文件里里！qwq\n\n本模组还有pvp诶别跑！pvp地图是模组作者和作者朋友的做，非常公平\n这是测试版的版本，不算正式版的版本",//简介
    "version":"1.1.6.1",//模组版本
    "minGameVersion":"146"//模组需要mdt的版本
}
/*模组教学！（没想到你会点进这里）
赶紧拿小本本记起来吧！
全部都为good写的
首先说明:你得在我模组外面创建一个文件夹这个文件夹是压缩你的模组的外面的名字然后里面放这个mod.json就是你进来看的东西mod.json
1.  {  为开始意思就是这个json开始写的东西
2.  }  这个为结束意思就是这个json已经结束
3.  "name": "工业1.1.4.7",这一条的name熟悉吧没错就是模组名字那他要被"这个给扩起来执行然后有个冒号他就是给前面的name做铺垫的然后空格不用理他然后再来个"，里面就是模组名字啦为什么后面有个逗号呢因为他要转到下一行并执行下一行
4.   "displayName":  "工业1.1.4.7",你是不是很好奇有两个模组名字巧了我也不知道但是他也有空格，后面也可以填不同的名字
5.  "author":"good",这是作者名字的意思author后面要填作者名字这一行不用空格就直接冒号了
6.    "description":"本款模组属于化学区模组帮助不会化学的人学化学\n本款模组还有很多的实验室供你做化学反应\n款模组还包了航天工业核工业，海工业等都有\n你可以打开mt管理器查看我们的介绍\n1.1迎来新的阶段，整改了单位的血量和攻击，调整了工厂的输出\n模组不能兼容CLAJ\nmt里的化学方程式是给你们用的，具体些就是有什么不会就找mt里的化学方程式看看\n1.1.3.7版本改了单位的一些参数\n\n最后一句更改了贴图！\n\n群进:797253575\n\n更多请见mt里的模组1.1.1.5版本开始不知道为什么本模组不谦容claj画了许多贴图了1.1.3.7更改了单位参数\n\n化学方程式在txt文件里里！qwq\n\n本模组还有pvp诶别跑！pvp地图是模组作者和作者朋友的做，非常公平",这一行有点多了哈不过没事这一行的意思是简介就是点击模组里面显示的简介这一行你可以写自己的模组就当介绍自己模组来介绍注意你可以添加\n反杠n来换行
7.    "version":"1.1.4.7",这一行的意思是你的模组版本不能填负数比如0.0.0.0.0.0.0.0.0..0.0.0.0..0.0.0.0.开完笑的比如0.1，65.092.4346都能填
8.   "minGameVersion":"146"这一行的意思是你模组需要的像素工厂版本不能填146.2因为没有146.2版本或以上也不能填146.0也就是不能出现小数，好，你看这一条有什么不一样没逗号是吧，没逗号就表明这一条已经是执行完了所以你在做模组的时候不要在这一行的最后加个逗号，为什么我要写这个呢因为有些做模组的人会来看我模组里的mod.json
9.接下来到学习的第二部分物品items，这个呢要先创建一个content文件夹然后在content里面创建一个items注意是items文件夹然后去我模组同一个地方content/items里面就是放物品的地方建议去看我粗铁
10.看完粗铁再来！这个就是mod.json里面的东西，你也可以在外面长按复制到你自己的模组里并改一定要改
*/
/*第二部分items
1.贴图颜色是由ps画画画出来的然后使用点滴mdt也有点滴，随便点一个颜色然后到色盘去复制颜色到你的物品color里面
2.要记住ps里保存的物品还要移动过去到你的模组里这个物品就是这么简单ps里的贴图不能放到content/items里要放到就是创建新的一个文件夹sprites里的还要再创个items贴图才能放到这里
content里面所有东西是东西的json
sprites里面是放东西的贴图
*/

/*外说明
谁会想到一个mod.json写这么大内存，还有就是mod佬都会注意自己模组的内存有多少，icon.png有人问我是什么那是你模组封面的那个图片，你自己可以上网找找合适的图片，然后导入你模组里的文件夹最后改为icon.png就行了，不要也罢
*/
/*ps画画要注意的
手册作者: by WhistleRenault
绘制贴图时请遵循以下手册内容

1.选择绘制工具时，请尽量使用专业的像素画工具。
2.绘制方块时应遵守1格方块=32x像素的绘制大小。
3.在两个色差较大的面时，应该使用间色连接 
4.绘制贴图时，情尽量避开弧，绘制时用多个45度角代替。
5.一个贴图中情不要使用过多的色差大的色组。
6.光影一般成45度对射，单个贴图里不同模块可以使用不同的光影角度，但请避开水平和垂直角度光影。
*/
/*做模组要注意的
1.内容物文件名和贴图名必须对应，除特定名称结尾图
片，贴图请尽量使用PNG格式的图片。

2.当你被大佬批评时，听检查自己的心理状态，保持良
好心理状态再和大佬互动，虚心接受大佬的批评。

3.编写代码多长按代码模块查看描述和参数，除非实在
不能理解或核心数据库信息不足，才可询问大佬，否则
不要给大佬们添不必要的麻烦。如果因此被批评，请参
考第2条。

4.代码排列格式请尽量整洁好看，这样能在一定程度上
避免大佬心烦。
*/

/*mdt物品中对英
这个是mindustry的对照表(136版本
主要是为了方便萌新做mod
需要以下内容请复制引号后面的内容
不要复制中文
一一一一一一一一一一一一一一一一
物品:
铜:copper
铅:lead
钢化玻璃:metaglass
石墨:graphite
沙:sand
煤:coal
钛:titanium
钍:thorium
废料:scrap
硅:silicon
塑钢:plastanium
相位物:phase-fabric
巨浪合金:surge-alloy
孢子夹:spore-pod
爆炸混合物:blast-compound
硫化物:pyratite
玻:beryllium
钨:tungsten
氧化物:oxide
碳化物:carbide
裂变产物:fissile-matter
一一一一一一一一一一一一一一一一
液体:
水:water
矿渣:slag
石油:oil
冷冻液:cryofluid
方解液:arkycite
镓:gallium
一一一一一一一一一一一一一一一一
气体:
臭氧:ozone
氢气:hydrogen
氮气:nitrogen
氰:cyanogen
一一一一一一一一一一一一一一一一
状态:
燃烧:burning
冻结:freezing
静止:unmoving
潮湿:wet
熔化:melting
弱化:sapped
电磁紊乱:electrified
孢子减速:spore-slowed
油浸:tarred
过载:overdrive
超频:overclock
Boss:boss
电击:shocked
爆炸:blasted
一一一一一一一一一一一一一一一一
anuke还没写好的(从源码翻出来的，以下中文为机翻):
休眠囊肿:dormant-cyst
肿瘤:neoplasm